{
    "ANDERSSON PASI": {
        "Yölisä": 20.500000000000117,
        "Iltalisä": 17.500000000000288,
        "Lauantait": 12.000000000000176,
        "Sunnuntait": 7.999999999999977,
        "Y-lisät": 100.49999999999558
    },
    "ELORANTA SAMI": {
        "Yölisä": 10.500000000000101,
        "Iltalisä": 16.000000000000373,
        "Lauantait": 13.000000000000226,
        "Sunnuntait": 12.5000000000002,
        "Y-lisät": 74.49999999999706
    },
    "HEINONEN MIKA": {
        "Yölisä": 12.000000000000176,
        "Iltalisä": 57.49999999999802,
        "Lauantait": 10.000000000000076,
        "Sunnuntait": 6.9999999999999805,
        "Y-lisät": 103.99999999999538
    },
    "HERRANEN LEEVI": {
        "Yölisä": 21.50000000000006,
        "Iltalisä": 16.500000000000345,
        "Lauantait": 12.000000000000176,
        "Sunnuntait": 12.000000000000176,
        "Y-lisät": 111.99999999999493
    },
    "INBERG PETER": {
        "Yölisä": 21.00000000000009,
        "Iltalisä": 19.000000000000203,
        "Lauantait": 23.99999999999992,
        "Sunnuntait": 18.00000000000026,
        "Y-lisät": 105.99999999999527
    },
    "JÄRVINEN ESA": {
        "Yölisä": 19.000000000000203,
        "Iltalisä": 19.500000000000174,
        "Lauantait": 24.49999999999989,
        "Sunnuntait": 24.749999999999876,
        "Y-lisät": 56.999999999998046
    },
    "KUIKKA JARNO": {
        "Yölisä": 17.000000000000316,
        "Iltalisä": 59.499999999997904,
        "Lauantait": 23.99999999999992,
        "Sunnuntait": 23.99999999999992,
        "Y-lisät": 111.99999999999493
    },
    "KUNNAS KRISTIAN": {
        "Yölisä": 23.99999999999992,
        "Iltalisä": 11.000000000000126,
        "Lauantait": 22.999999999999975,
        "Sunnuntait": 18.00000000000026,
        "Y-lisät": 0
    },
    "KURKI PEKKA": {
        "Yölisä": 20.000000000000146,
        "Iltalisä": 7.999999999999977,
        "Lauantait": 20.500000000000117,
        "Sunnuntait": 20.500000000000117,
        "Y-lisät": 0
    },
    "KURPPA JOUNI": {
        "Yölisä": 10.000000000000076,
        "Iltalisä": 45.749999999998685,
        "Lauantait": 11.500000000000151,
        "Sunnuntait": 11.000000000000126,
        "Y-lisät": 64.74999999999761
    },
    "LAITINEN MARKUS": {
        "Yölisä": 17.000000000000316,
        "Iltalisä": 21.00000000000009,
        "Lauantait": 12.000000000000176,
        "Sunnuntait": 24.249999999999904,
        "Y-lisät": 60.49999999999785
    },
    "LAUKKANEN NIKO": {
        "Yölisä": 9.250000000000039,
        "Iltalisä": 17.250000000000302,
        "Lauantait": 14.000000000000275,
        "Sunnuntait": 24.749999999999876,
        "Y-lisät": 45.249999999998714
    },
    "LAVINKOSKI PASI": {
        "Yölisä": 22.999999999999975,
        "Iltalisä": 16.75000000000033,
        "Lauantait": 7.999999999999977,
        "Sunnuntait": 12.250000000000188,
        "Y-lisät": 111.99999999999493
    },
    "LUKKINEN MIKA": {
        "Yölisä": 9.750000000000064,
        "Iltalisä": 65.49999999999757,
        "Lauantait": 16.75000000000033,
        "Sunnuntait": 19.000000000000203,
        "Y-lisät": 90.74999999999613
    },
    "MÄKIPÄÄ PETRI": {
        "Yölisä": 21.250000000000075,
        "Iltalisä": 6.9999999999999805,
        "Lauantait": 7.499999999999979,
        "Sunnuntait": 7.499999999999979,
        "Y-lisät": 0
    },
    "PIIRAINEN ANTTI": {
        "Yölisä": 20.750000000000103,
        "Iltalisä": 19.000000000000203,
        "Lauantait": 12.000000000000176,
        "Sunnuntait": 12.000000000000176,
        "Y-lisät": 111.99999999999493
    },
    "RANTALAINEN MIKA": {
        "Yölisä": 12.000000000000176,
        "Iltalisä": 63.99999999999765,
        "Lauantait": 22.500000000000004,
        "Sunnuntait": 18.00000000000026,
        "Y-lisät": 90.99999999999612
    },
    "RAUTIAINEN AKI": {
        "Yölisä": 17.500000000000288,
        "Iltalisä": 79.99999999999675,
        "Lauantait": 5.999999999999984,
        "Sunnuntait": 11.500000000000151,
        "Y-lisät": 111.99999999999493
    },
    "ROUHIAINEN ISMO": {
        "Yölisä": 9.000000000000027,
        "Iltalisä": 32.99999999999941,
        "Lauantait": 11.000000000000126,
        "Sunnuntait": 11.500000000000151,
        "Y-lisät": 74.49999999999706
    },
    "SETÄLÄ KARI": {
        "Yölisä": 10.500000000000101,
        "Iltalisä": 83.99999999999652,
        "Lauantait": 10.000000000000076,
        "Sunnuntait": 6.9999999999999805,
        "Y-lisät": 83.74999999999653
    },
    "SOINI JANI": {
        "Yölisä": 15.000000000000325,
        "Iltalisä": 76.49999999999694,
        "Lauantait": 23.499999999999947,
        "Sunnuntait": 18.50000000000023,
        "Y-lisät": 90.99999999999612
    },
    "TUOVINEN TIMO": {
        "Yölisä": 19.000000000000203,
        "Iltalisä": 79.99999999999675,
        "Lauantait": 21.50000000000006,
        "Sunnuntait": 11.000000000000126,
        "Y-lisät": 91.49999999999609
    },
    "VAINIO SAULI": {
        "Yölisä": 22.000000000000032,
        "Iltalisä": 18.00000000000026,
        "Lauantait": 25.499999999999833,
        "Sunnuntait": 24.49999999999989,
        "Y-lisät": 81.99999999999663
    },
    "VÄYRYNEN HEIKKI": {
        "Yölisä": 18.50000000000023,
        "Iltalisä": 12.5000000000002,
        "Lauantait": 12.5000000000002,
        "Sunnuntait": 12.5000000000002,
        "Y-lisät": 63.49999999999768
    },
    "WIKSTRÖM RIKU": {
        "Yölisä": 21.750000000000046,
        "Iltalisä": 17.500000000000288,
        "Lauantait": 20.500000000000117,
        "Sunnuntait": 24.99999999999986,
        "Y-lisät": 111.99999999999493
    }
}